IP,DEVICE,VENDOR,PRODUCT
210.56.10.162,router,mikrotik,
138.75.134.160,router,asus,rt-ac56u
171.244.166.22,router,mikrotik,
36.92.44.227,router,mikrotik,
203.80.235.14,nas,synology,diskstation
36.89.183.61,router,mikrotik,
58.10.108.61,nas,qnap,turbo nas
113.160.154.52,router,draytek,router
103.21.77.45,router,mikrotik,
58.176.123.59,router,asus,rt-ac55uhp
62.146.84.254,power distribution unit,apc,ap7922
5.51.39.175,nas,synology,webstation
202.79.29.148,router,mikrotik,
163.21.206.75,nas,synology,webstation
84.8.19.65,router,draytek,router
212.115.199.26,camera,axis,p3367 fixed dome network camera
103.115.164.125,router,mikrotik,
185.167.210.70,router,mikrotik,
93.174.94.54,router,mikrotik,
51.7.184.237,nas,western digital,mybooklive
88.156.242.86,router,asus,rt-ac51u
80.14.15.41,nas,qnap,turbo nas
62.176.116.60,router,mikrotik,
193.59.72.118,router,mikrotik,
85.93.247.25,,zyxel,
180.250.188.26,router,mikrotik,
87.79.236.208,nas,synology,
85.228.17.201,router,asus,rt-ac66u
95.211.187.251,,apc,
188.240.25.81,cable modem,avm,fritz!boxfonwlan7360
178.214.193.66,router,mikrotik,
84.56.12.92,dsl modem,vodaphone,easybox 803
59.129.35.249,nas,synology,diskstation
62.45.240.129,router,asus,rt-ac3200
80.76.93.90,nas,qnap,turbo nas 2.x
62.45.225.196,cable modem,avm,fritz!boxfonwlan7390
188.194.12.220,cable modem,avm,fritz!box6490cable
185.95.228.1,router,mikrotik,
178.176.141.179,camera,axis,q6115-e ptz dome network camera
210.240.144.64,printer,ricoh,aficio mp c3502
176.119.135.32,router,mikrotik,
93.80.239.226,router,asus,rt-n66u
163.53.83.188,router,mikrotik,
84.141.92.19,cable modem,avm,fritz!box7490
124.244.13.95,nas,synology,
109.167.153.105,router,asus,rt-ac68u
46.223.252.145,cable modem,avm,fritz!box6360cable(kbw)
202.123.181.0,router,alcatel,sr 7750
178.212.49.170,router,mikrotik,
178.27.219.91,cable modem,avm,fritz!box6490cable(kdg)
91.133.3.207,router,mikrotik,
85.255.79.40,power distribution unit,apc,ap9617
93.209.183.42,router,speedport,w 921v
37.109.50.160,router,asus,4g-ac55u
77.79.132.104,router,mikrotik,
46.209.128.110,router,mikrotik,
84.192.42.67,nas,synology,webstation
89.25.63.167,router,asus,rt-ac66u_b1
128.143.136.204,printer,hp,
78.186.16.176,,zyxel,
46.39.136.47,router,asus,rt-ac58u
178.201.205.7,cable modem,avm,fritz!box6490cable(lgi)
202.22.154.67,router,draytek,router
80.51.171.230,nas,synology,webstation
76.118.158.223,camera,axis,2120 network camera
41.204.238.244,router,mikrotik,
195.9.18.78,router,cisco,
103.211.188.145,router,mikrotik,
178.219.127.123,router,mikrotik,
216.210.69.233,router,mikrotik,
94.114.94.39,cable modem,avm,fritz!box6590cable
82.127.20.153,,zyxel,
195.228.80.184,nas,synology,diskstation
72.128.68.80,router,asus,rt-ac66r
31.47.105.160,router,mikrotik,
124.41.228.59,router,mikrotik,
212.224.44.122,nas,qnap,turbo nas
202.179.7.133,router,mikrotik,
138.123.134.76,laser printer,dell,b5460dn laser
176.125.84.61,router,asus,rt-n14u
125.132.90.116,,iptime,
131.213.148.200,nas,synology,
81.182.242.190,ipmi,dell,dell integrated remote access
176.215.199.63,router,mikrotik,
60.251.50.230,nas,thecus,m3800
75.109.190.108,,linksys,
71.93.3.167,,linksys,
12.103.43.160,,allegro software,
50.241.222.233,,,raspberry pi
175.197.3.144,,iptime,
172.79.142.248,router,asus,rt-acrh13
114.70.77.20,,iptime,
203.205.34.85,router,mikrotik,
205.210.22.101,router,mikrotik,
218.154.23.68,,iptime,
202.52.248.13,router,mikrotik,
203.216.171.75,nas,qnap,turbo nas 2.x
153.131.176.244,dsl/cable modem,entrolink,
163.24.14.200,nas,synology,webstation
112.184.138.235,dsl/cable modem,entrolink,
121.159.201.234,,iptime,
118.163.16.8,nas,qnap,turbo nas
221.162.226.113,,iptime,
125.185.242.196,nas,synology,diskstation
162.253.232.11,router,mikrotik,
45.221.72.74,router,mikrotik,
219.84.34.232,nas,synology,
152.8.247.128,camera,axis,m5014-v ptz dome network camera
46.21.80.109,camera,hikvision,
59.37.13.106,,huawei,
49.166.16.171,,iptime,
86.95.84.24,nas,synology,diskstation
184.152.231.158,router,asus,r7000
92.27.8.109,router,draytek,router
205.210.20.33,router,mikrotik,
84.85.60.135,nas,synology,
59.9.196.241,,iptime,
220.70.29.183,,iptime,
42.200.149.213,nas,synology,
14.48.151.122,,iptime,
68.179.131.66,router,asus,rt-ac88u
213.174.101.223,router,draytek,router
12.250.175.170,router,mikrotik,
222.16.166.34,nas,synology,rackstation
121.129.128.123,,iptime,
213.159.240.239,router,mikrotik,
2.93.31.68,router,mikrotik,
125.185.92.48,,iptime,
5.19.141.173,router,mikrotik,
190.184.203.186,router,mikrotik,
153.129.86.139,nas,synology,webstation
89.32.224.200,router,mikrotik,
211.194.173.15,,iptime,
112.156.227.170,printer,iptime,
67.53.63.53,camera,axis,210 network camera
96.35.45.46,router,asus,rt-ac3100
112.156.187.85,,iptime,
183.106.239.80,,iptime,
177.154.82.180,router,mikrotik,
24.217.120.91,nas,synology,diskstation
76.72.245.6,router,mikrotik,
81.150.188.206,router,draytek,router
181.143.28.180,router,mikrotik,
46.45.103.249,nas,synology,webstation
138.94.84.138,router,mikrotik,
138.59.95.209,router,mikrotik,
70.181.192.147,nas,synology,
58.120.49.110,,iptime,
208.58.52.122,voip phone,allworx,
92.29.250.26,router,asus,dsl-ac56u
218.209.156.237,,iptime,
103.23.236.88,router,mikrotik,
14.46.207.115,,iptime,
117.29.179.182,camera,axis,p5534 ptz dome network camera
14.42.183.35,,iptime,
59.26.201.134,,iptime,
138.117.160.114,router,mikrotik,
218.55.221.210,,iptime,
39.118.162.194,,iptime,
14.39.163.116,,iptime,
221.138.227.158,router,asus,rt-ac87u
210.90.167.50,nas,synology,diskstation
175.114.193.124,,iptime,
61.105.10.154,router,asus,rt-ac68p
93.171.157.229,router,mikrotik,
61.35.195.146,nas,synology,diskstation
222.186.32.68,nas,synology,
218.236.244.139,,iptime,
45.225.140.190,router,mikrotik,
106.247.23.126,,iptime,
200.5.229.246,router,mikrotik,
211.211.134.148,,iptime,
218.233.242.114,,iptime,
68.9.25.48,router,asus,rt-ac5300
60.165.53.45,nas,western digital,mycloud
95.47.197.28,router,mikrotik,
170.247.203.206,router,mikrotik,
189.90.248.163,router,mikrotik,
46.104.86.136,router,mikrotik,
113.161.167.150,router,mikrotik,
94.241.143.247,router,mikrotik,
185.124.117.230,router,mikrotik,
82.247.167.1,nas,qnap,turbo nas 2.x
66.235.225.230,router,cisco,
103.48.25.145,router,mikrotik,
103.15.36.99,nas,synology,webstation
222.164.131.150,nas,synology,diskstation
80.19.179.54,,zyxel,
109.69.85.212,nas,netgear,readynas
61.238.104.164,router,mikrotik,
188.64.254.156,dsl/cable modem,entrolink,
86.241.234.54,nas,synology,webstation
103.94.170.125,router,mikrotik,
62.42.81.232,,draytek,
213.189.183.70,nas,synology,webstation
94.36.136.60,,,raspberry pi
213.114.224.21,router,asus,rt-ac66u
80.13.74.73,camera,axis,m5013 ptz dome network camera
103.255.122.17,router,mikrotik,
58.82.130.15,router,mikrotik,
62.209.236.84,nas,synology,rackstation
112.199.154.131,router,asus,rt-ac1200g
178.188.205.169,nas,netgear,readynas
80.228.252.157,nas,qnap,turbo nas
217.100.250.131,router,draytek,router
87.49.197.135,nas,synology,
93.99.14.96,router,mikrotik,
110.78.164.216,router,mikrotik,
212.18.214.33,router,lancom systems,
84.162.2.77,router,speedport,w 921v
83.161.134.37,cable modem,avm,fritz!box7581
89.221.12.71,camera,axis,p1343 network camera
78.108.111.149,router,mikrotik,
213.200.223.93,camera,axis,m3006 network camera
80.229.31.221,nas,qnap,turbo nas
85.243.212.60,,,raspberry pi
5.79.68.250,power distribution unit,apc,ap8953
95.168.200.81,nas,synology,webstation
93.186.12.156,nas,qnap,turbo nas
84.226.39.210,router,mikrotik,
124.107.91.221,nas,synology,webstation
176.20.197.165,nas,synology,diskstation
195.138.72.26,router,mikrotik,
77.20.35.46,cable modem,avm,fritz!box6490cable(kdg)
81.83.2.243,nas,synology,diskstation
58.176.145.196,nas,synology,diskstation
83.173.237.102,,zyxel,
91.219.3.12,router,mikrotik,
91.210.244.54,router,mikrotik,
2.110.182.192,dsl modem,fullrate,
82.161.239.95,cable modem,avm,fritz!box7490
202.123.180.55,router,alcatel,sr 7750
91.107.35.24,router,mikrotik,
185.186.157.7,router,mikrotik,
195.225.230.14,router,mikrotik,
149.90.15.154,,apple,
80.109.208.112,nas,synology,webstation
83.128.172.229,nas,synology,
185.76.108.171,nas,synology,webstation
82.224.50.171,nas,synology,
87.74.60.106,router,draytek,router
188.230.163.166,router,mikrotik,
95.87.18.19,router,mikrotik,
188.252.92.90,router,mikrotik,
89.75.128.246,router,mikrotik,
91.223.250.39,router,mikrotik,
217.15.202.106,router,mikrotik,
188.136.72.158,cable modem,avm,fritz!box7490(ui)
91.38.107.192,cable modem,avm,fritz!boxfonwlan7390(ui)
213.92.192.65,router,mikrotik,
62.64.62.214,,softathome,
80.190.223.61,router,mikrotik,
210.6.123.1,router,asus,rt-ac87u
77.53.148.12,router,asus,rt-ac51u
87.120.156.123,router,mikrotik,
151.13.172.220,router,mikrotik,
23.97.195.55,dsl/cable modem,entrolink,
113.61.109.10,nas,synology,rackstation
94.26.21.43,,linksys,
43.250.226.19,router,mikrotik,
84.227.96.68,nas,synology,diskstation
62.233.153.204,router,mikrotik,
77.22.30.208,cable modem,avm,fritz!boxfonwlan7390
213.235.171.184,router,mikrotik,
81.9.30.34,router,asus,rt-ac68u
89.213.8.151,router,draytek,router
95.143.224.112,cable modem,avm,fritz!box6490cable
27.111.41.9,router,mikrotik,
91.225.76.36,router,mikrotik,
221.151.13.211,,iptime,
81.224.116.87,nas,netgear,readynas
62.194.41.11,router,asus,rt-ac86u
51.68.171.245,router,mikrotik,
185.157.164.24,router,asus,rt-n18u
176.36.136.26,router,mikrotik,
31.17.98.38,router,asus,rt-n56u
178.44.112.22,router,mikrotik,
93.64.228.102,router,cisco,router
185.214.4.65,router,draytek,router
5.2.159.179,nas,lacie,storage device
213.6.70.242,router,mikrotik,
185.94.82.213,router,mikrotik,
212.69.3.202,router,mikrotik,
195.138.163.66,router,mikrotik,
46.90.230.3,cable modem,avm,fritz!box7590
31.133.207.55,router,mikrotik,
109.167.94.30,,mikrotik,
202.5.36.194,router,mikrotik,
203.205.120.129,router,wind river,
220.233.102.153,router,asus,dsl-ac68u
41.90.107.70,,huawei,
27.104.196.205,,iptime,
93.238.161.20,router,speedport,w 723v typ b
193.248.240.124,camera,axis,m1124 network camera
89.146.35.41,nas,qnap,turbo nas 2.x
51.175.71.177,nas,synology,diskstation
24.134.0.197,nas,synology,
185.178.8.212,router,mikrotik,
2.110.206.9,dsl modem,fullrate,
80.250.125.249,router,mikrotik,
85.11.115.188,nas,synology,diskstation
104.153.197.172,,cisco,
195.74.91.125,router,mikrotik,
159.148.6.10,router,mikrotik,
91.225.76.207,router,mikrotik,
173.209.188.84,router,mikrotik,
109.205.121.177,router,mikrotik,
81.88.214.20,router,asus,ws880
120.154.94.246,,iptime,
95.86.56.139,router,mikrotik,
188.92.105.121,router,mikrotik,
77.47.21.214,cable modem,avm,fritz!boxfonwlan7270v2
217.79.206.92,,zyxel,
178.234.31.109,router,mikrotik,
85.187.21.97,router,mikrotik,
193.169.227.18,camera,maygion,
89.234.69.238,router,mikrotik,
5.147.68.121,cable modem,avm,fritz!box6490cable(lgi)
188.121.19.109,nas,synology,
83.79.188.14,nas,synology,webstation
81.150.16.162,,easyio,fg-32/20
91.93.98.4,router,mikrotik,
188.142.175.184,nas,synology,diskstation
159.255.162.135,router,mikrotik,
80.54.228.84,nas,synology,diskstation
148.77.105.150,router,mikrotik,
95.86.209.251,,zyxel,
88.153.206.178,cable modem,avm,fritz!box6360cable(um)
103.79.253.166,router,mikrotik,
103.91.231.205,router,mikrotik,
93.99.149.97,router,mikrotik,
46.173.47.190,router,mikrotik,
140.112.64.91,nas,synology,webstation
77.119.236.121,router,cisco,
75.67.41.0,nas,western digital,mybooklive
182.184.18.18,router,mikrotik,
84.17.236.66,camera,axis,q6115-e ptz dome network camera
36.92.68.241,router,mikrotik,
77.94.144.214,router,mikrotik,
198.0.72.229,,zyxel,
178.170.79.6,power distribution unit,apc,ap7922
66.118.219.41,router,mikrotik,
110.159.161.219,dsl modem,zyxel,p-660h-t1
86.49.160.218,router,mikrotik,
81.198.95.186,router,mikrotik,
69.70.108.198,nas,netgear,readynas
188.193.117.198,cable modem,avm,fritz!box6590cable
114.204.9.93,nas,synology,
147.50.241.157,dsl/cable modem,entrolink,
180.69.176.226,nas,western digital,mycloud
66.41.13.65,nas,synology,
84.56.71.179,nas,synology,webstation
93.99.14.8,router,mikrotik,
184.58.62.50,router,asus,rt-n66u
187.243.249.122,router,mikrotik,
47.34.111.5,router,asus,rt-ac68w
91.183.238.146,camera,hikvision,
85.14.154.181,,zyxel,
119.205.61.12,camera,axis,q6045-e mk ii ptz dome network camera
110.13.98.18,,iptime,
66.118.216.168,router,mikrotik,
103.91.70.209,router,mikrotik,
95.86.209.72,,zyxel,
99.255.17.83,nas,synology,diskstation
93.71.170.158,nas,synology,webstation
183.102.172.97,,iptime,
114.34.14.133,nas,synology,
103.83.9.193,router,mikrotik,
121.144.175.218,nas,synology,
91.57.116.76,nas,synology,diskstation
152.0.128.95,router,mikrotik,
180.131.165.201,nas,synology,diskstation
62.168.118.189,router,mikrotik,
104.221.254.102,router,cisco,
103.23.237.123,router,mikrotik,
121.158.16.42,nas,synology,
190.114.245.161,router,mikrotik,
61.73.123.88,printer,iptime,
73.28.210.234,router,asus,tm-ac1900
86.61.65.243,router,draytek,router
62.175.236.100,router,mikrotik,
67.60.210.6,scada controller,reliable controls corporation,mach-prowebcom
192.40.242.123,router,mikrotik,
185.235.138.96,router,mikrotik,
103.242.47.182,router,mikrotik,
91.191.246.160,router,asus,rt-ac58u
67.221.172.217,power distribution unit,apc,ap7932
41.242.140.142,router,mikrotik,
82.161.200.215,nas,qnap,turbo nas 2.x
222.243.213.58,router,mikrotik,
49.172.45.195,,iptime,
71.80.156.220,router,asus,rt-ac3200
2.230.113.114,nas,qnap,turbo nas
59.8.140.111,nas,synology,diskstation
104.162.187.107,router,asus,rt-ac68p
81.233.225.106,camera,axis,m1145-l network camera
121.185.34.214,,iptime,
121.162.59.123,,iptime,
85.30.202.144,router,mikrotik,
67.221.172.234,power distribution unit,apc,ap8932
89.45.204.100,router,mikrotik,
202.95.136.134,router,mikrotik,
190.217.21.83,router,mikrotik,
207.47.123.156,power distribution unit,apc,ap9619
27.2.7.14,router,mikrotik,
134.121.205.3,camera,axis,q6044 ptz dome network camera
46.209.93.230,router,mikrotik,
81.0.177.20,router,mikrotik,
217.115.243.30,dsl modem,zyxel,p660hw-t3
81.90.19.62,router,mikrotik,
79.121.68.227,set-top box,dreambox,
14.32.15.134,nas,synology,diskstation
124.197.167.232,,iptime,
109.204.14.45,dsl modem,zyxel,p-660hw-t
113.161.85.48,router,mikrotik,
37.26.81.118,router,mikrotik,
31.200.228.140,router,mikrotik,
188.97.151.62,cable modem,avm,fritz!boxwlan3270v3
59.20.191.183,,iptime,
115.90.145.125,nas,synology,webstation
61.74.109.23,printer,iptime,
192.249.135.11,,linksys,
46.160.249.179,router,mikrotik,
211.107.115.242,printer,iptime,
190.92.26.74,router,mikrotik,
109.87.97.96,router,mikrotik,
154.236.168.184,router,mikrotik,
98.27.212.155,router,asus,rt-ac88u
121.188.23.49,,iptime,
151.11.212.48,router,mikrotik,
178.194.22.18,nas,synology,diskstation
137.229.160.59,printer,hp,
188.121.8.16,router,mikrotik,
104.143.67.70,router,mikrotik,
103.225.205.145,router,mikrotik,
203.252.176.27,,iptime,
68.105.249.141,nas,synology,
59.17.10.188,printer,iptime,
78.234.164.11,nas,synology,webstation
176.20.211.75,nas,synology,diskstation
154.72.93.206,router,mikrotik,
46.238.114.110,nas,synology,diskstation
190.146.58.245,router,mikrotik,
94.240.46.92,router,mikrotik,
109.109.33.21,router,mikrotik,
138.229.183.177,router,mikrotik,
110.166.173.7,router,mikrotik,
103.69.216.86,router,mikrotik,
14.32.222.219,nas,synology,webstation
195.146.117.12,router,mikrotik,
122.36.72.246,nas,synology,diskstation
217.115.246.138,router,mikrotik,
1.228.83.170,nas,synology,diskstation
175.196.48.116,,iptime,
211.223.128.35,,iptime,
223.197.3.39,nas,synology,webstation
187.85.132.208,router,mikrotik,
155.133.93.18,router,mikrotik,
188.109.86.209,dsl modem,vodaphone,easybox 803
185.224.93.165,router,mikrotik,
113.164.120.137,router,draytek,router
176.136.232.58,,trend control systems ltd,iq3xcite
80.84.232.186,power distribution unit,apc,ap7920
203.234.211.150,nas,synology,diskstation
125.131.108.23,nas,synology,diskstation
69.156.90.170,nas,qnap,turbo nas 2.x
206.192.252.169,router,asus,rt-ac68r
46.24.176.3,nas,synology,
187.95.31.32,router,mikrotik,
185.216.80.10,,zyxel,
218.155.82.51,nas,synology,webstation
81.200.59.68,router,mikrotik,
138.97.224.195,router,mikrotik,
200.111.126.178,router,mikrotik,
211.198.166.60,,,raspberry pi
108.161.216.246,camera,axis,q6044-e ptz dome network camera
192.141.250.89,router,mikrotik,
94.228.241.210,router,mikrotik,
62.29.51.158,dsl modem,huawei,home gateway
1.209.22.229,,iptime,
85.200.245.81,router,mikrotik,
196.15.239.83,router,mikrotik,
5.134.194.163,router,mikrotik,
212.75.132.160,router,mikrotik,
110.44.122.138,router,mikrotik,
77.87.175.2,nas,synology,
113.161.69.69,router,mikrotik,
122.39.160.184,,iptime,
177.73.68.144,router,mikrotik,
178.74.250.193,camera,hikvision,
89.245.93.136,cable modem,avm,fritz!boxfonwlan7390
122.32.91.139,,iptime,
46.174.212.120,router,mikrotik,
81.94.240.151,router,mikrotik,
219.91.207.185,router,mikrotik,
145.53.23.83,nas,synology,webstation
90.152.186.82,,zyxel,
81.248.139.11,,apple,
193.35.84.90,router,mikrotik,
202.225.76.21,nas,qnap,turbo nas 2.x
83.215.181.33,router,mikrotik,
181.52.114.250,router,mikrotik,
109.6.236.119,scada server,honeywell international inc.,eagle
14.136.201.102,router,mikrotik,
95.38.175.3,router,mikrotik,
170.81.7.75,router,mikrotik,
112.196.71.186,camera,axis,m3004 network camera
89.17.130.171,,,raspberry pi
119.194.108.57,,iptime,
45.220.58.50,router,mikrotik,
191.181.73.105,router,mikrotik,
109.164.110.22,router,mikrotik,
78.188.167.73,nas,qnap,turbo nas
166.142.176.145,,zyxel,
186.226.175.249,router,mikrotik,
178.255.171.11,router,mikrotik,
211.185.95.70,,iptime,
78.241.108.97,nas,synology,diskstation
131.221.193.250,router,mikrotik,
203.157.160.90,dsl/cable modem,entrolink,
67.51.240.200,printer,konica minolta,
77.52.212.212,router,mikrotik,
121.167.147.200,,iptime,
185.21.39.109,router,mikrotik,
84.112.96.242,router,asus,rt-n13u
178.140.236.119,nas,synology,
59.11.85.239,,iptime,
124.12.241.47,nas,synology,
85.159.5.46,router,mikrotik,
83.219.1.235,router,mikrotik,
190.47.73.130,router,mikrotik,
157.252.245.20,nas,synology,webstation
178.19.182.122,router,mikrotik,
212.56.204.110,router,mikrotik,
82.220.92.38,cable modem,avm,fritz!boxfonwlan7360
1.253.158.81,,iptime,
90.85.28.67,nas,qnap,turbo nas
178.203.106.176,router,mikrotik,
80.68.234.32,router,mikrotik,
187.110.244.27,router,mikrotik,
59.125.4.33,nas,qnap,turbo nas
217.197.144.71,router,mikrotik,
221.206.210.85,router,mikrotik,
1.214.209.70,,iptime,
109.73.20.11,router,lancom systems,
165.90.79.73,router,mikrotik,
78.192.119.86,nas,synology,diskstation
91.236.20.228,router,mikrotik,
177.220.188.213,router,mikrotik,
106.118.116.83,router,mikrotik,
115.23.219.240,nas,synology,diskstation
121.185.47.67,printer,iptime,
154.117.174.130,router,mikrotik,
222.236.26.248,,iptime,
180.70.236.156,,iptime,
121.130.16.21,,iptime,
63.146.29.73,,allegro software,
125.135.148.135,nas,qnap,turbo nas
180.229.0.32,printer,iptime,
161.142.245.178,nas,synology,diskstation
190.185.119.235,router,mikrotik,
170.238.112.97,router,mikrotik,
210.115.229.111,nas,synology,diskstation
211.107.146.128,,iptime,
222.233.205.254,,iptime,
24.105.171.87,power distribution unit,apc,ap7901
66.177.90.183,router,asus,rt-ac52u
200.99.138.114,router,mikrotik,
211.46.218.160,router,asus,rt-ax88u
163.17.195.102,,zyxel,
59.149.190.49,nas,synology,
112.219.190.157,,iptime,
80.11.194.192,camera,axis,p5512-e ptz dome network camera
220.88.83.110,printer,iptime,
103.109.2.23,router,mikrotik,
199.115.198.249,router,mikrotik,
186.224.54.30,router,mikrotik,
168.232.148.191,router,mikrotik,
106.255.250.82,,iptime,
121.125.197.172,,iptime,
46.223.75.244,cable modem,avm,fritz!boxwlan3370
81.250.181.178,nas,synology,webstation
211.187.98.136,,iptime,
119.202.237.145,,iptime,
113.28.70.108,router,mikrotik,
46.148.75.214,router,mikrotik,
121.136.77.70,,iptime,
89.203.224.93,router,mikrotik,
186.235.46.222,router,mikrotik,
46.31.216.16,cable modem,avm,fritz!box6360cable
211.58.38.170,printer,xerox,docuprint cp405 d
47.151.154.247,nas,lacie,cloudbox
220.82.77.188,,iptime,
222.114.222.166,camera,axis,214 ptz network camera
39.114.51.133,,iptime,
210.205.30.70,,iptime,
93.227.209.138,router,speedport,w 504v typ a
194.5.12.13,nas,synology,diskstation
180.182.21.175,,iptime,
211.221.128.245,,iptime,
138.59.95.183,router,mikrotik,
140.116.245.210,nas,synology,
61.85.92.201,,iptime,
200.61.208.221,dsl/cable modem,entrolink,
125.183.42.107,,iptime,
222.232.55.63,,iptime,
185.152.44.163,router,mikrotik,
14.43.144.61,,iptime,
222.236.198.202,printer,iptime,
177.11.164.2,router,mikrotik,
86.61.192.179,router,mikrotik,
58.97.30.229,nas,qnap,turbo nas 2.x
210.59.207.124,scada gateway,schneider electric,bmx noe 0100
14.37.208.41,,iptime,
163.17.210.240,,zyxel,
106.242.113.51,,iptime,
218.161.3.172,nas,synology,
222.239.94.236,printer,iptime,
189.39.247.103,router,mikrotik,
199.115.198.41,router,mikrotik,
85.112.51.10,dsl modem,zyxel,p660ru-t1
185.188.151.233,router,mikrotik,
46.252.40.2,router,mikrotik,
2.139.111.161,router,mikrotik,
36.66.137.31,router,mikrotik,
200.122.209.22,router,mikrotik,
146.247.93.106,,zyxel,
146.255.3.133,router,draytek,router
217.86.135.199,,zyxel,
89.176.30.101,router,mikrotik,
195.136.10.253,router,mikrotik,
176.88.204.73,router,mikrotik,
223.17.79.148,,iptime,
66.147.250.76,kvm,,dominion
138.122.59.58,router,mikrotik,
220.130.80.238,camera,axis,212 ptz network camera
86.193.173.28,nas,synology,webstation
46.81.2.161,router,asus,dsl-ac87vg
93.62.180.46,router,mikrotik,
181.211.59.110,dsl/cable modem,econet,
184.151.54.213,printer,lexmark,c950
121.135.219.199,,iptime,
39.123.181.146,nas,synology,webstation
181.209.85.195,router,mikrotik,
78.133.136.142,nas,synology,
185.24.119.44,nas,synology,diskstation
86.53.3.30,dvr,dedicated micros,
31.42.11.123,router,mikrotik,
187.191.45.66,router,mikrotik,
14.50.39.55,,iptime,
154.117.141.178,router,mikrotik,
80.76.93.229,nas,qnap,turbo nas 2.x
222.112.44.149,,iptime,
112.144.130.184,printer,iptime,
204.184.60.250,,via,
119.193.90.48,nas,synology,webstation
211.75.76.147,nas,qnap,turbo nas
78.61.205.237,router,asus,rt-ac56u
59.24.155.204,,iptime,
185.156.232.59,router,mikrotik,
101.86.229.66,,zyxel,
110.15.105.65,,iptime,
128.91.143.29,printer,hp,laserjet 400 m401dw
37.34.73.94,router,mikrotik,
197.99.208.107,router,mikrotik,
190.196.27.142,,dahua technology,
223.25.67.103,router,asus,rt-ac1300uhp
212.186.171.154,nas,synology,webstation
185.123.68.4,router,mikrotik,
189.89.82.111,router,mikrotik,
217.21.125.49,router,mikrotik,
70.90.35.65,camera,axis,m1125 network camera
170.84.76.231,router,mikrotik,
50.87.182.172,kvm,,dominion
86.227.123.134,nas,synology,
190.129.48.154,router,mikrotik,
62.167.233.42,,zyxel,
194.67.194.11,router,mikrotik,
24.36.247.97,,linksys,
84.105.229.111,nas,synology,diskstation
220.246.76.12,router,mikrotik,
91.191.9.149,router,mikrotik,
87.107.74.195,router,mikrotik,
75.75.200.35,,dahua technology,
60.246.145.99,router,asus,rt-ac55uhp
211.54.70.105,,iptime,
221.125.167.237,nas,qnap,turbo nas
5.153.158.250,router,mikrotik,
216.220.80.170,router,alcatel,sr 7750
41.217.217.60,router,mikrotik,
46.40.126.160,router,mikrotik,
221.156.39.185,nas,synology,webstation
118.189.63.232,nas,synology,webstation
121.137.157.159,,iptime,
81.19.247.145,nas,qnap,turbo nas 2.x
117.4.48.165,router,mikrotik,
103.255.9.90,router,mikrotik,
202.166.220.216,router,mikrotik,
175.115.220.188,,iptime,
87.122.180.191,cable modem,avm,fritz!box7362sl(ui)
41.75.122.22,router,mikrotik,
121.168.57.55,,iptime,
141.135.227.39,nas,synology,webstation
83.234.17.1,router,mikrotik,
211.204.240.177,,iptime,
95.227.101.169,nas,qnap,turbo nas
103.23.119.50,router,mikrotik,
94.112.106.42,nas,synology,diskstation
79.120.227.34,nas,synology,diskstation
112.187.135.66,router,asus,rt-ac56r
59.15.106.140,,iptime,
46.151.132.207,router,mikrotik,
141.134.106.210,nas,synology,
186.20.247.184,camera,maygion,
99.144.70.166,nas,synology,webstation
185.237.56.23,router,mikrotik,
80.254.102.251,router,mikrotik,
91.118.23.37,router,mikrotik,
94.40.21.169,router,mikrotik,
116.228.81.54,router,mikrotik,
112.149.128.114,nas,synology,diskstation
95.161.33.26,nas,synology,webstation
121.150.162.57,,iptime,
116.86.241.47,,linksys,
119.195.174.165,,iptime,
121.130.203.226,,iptime,
128.205.90.50,camera,axis,211 network camera
118.174.28.230,router,mikrotik,
103.122.84.204,router,mikrotik,
81.65.92.149,nas,synology,
118.33.237.65,,iptime,
129.186.84.138,camera,axis,p5522-e ptz dome network camera
125.191.215.8,printer,iptime,
176.74.140.143,router,mikrotik,
37.221.250.57,router,mikrotik,
82.64.69.106,nas,synology,
85.197.33.222,nas,synology,diskstation
62.54.37.131,nas,synology,
118.35.153.222,printer,iptime,
91.169.50.58,nas,synology,diskstation
186.10.67.146,,mikrotik,
166.141.229.111,camera,axis,p5635-e mk ii ptz dome network camera
221.143.37.90,,iptime,
92.115.53.233,dsl modem,zyxel,p-660r-t1v2
88.12.26.80,nas,netgear,readynas
200.76.97.102,router,mikrotik,
176.159.192.155,nas,synology,
182.209.198.248,,iptime,
86.242.103.235,firewall,netgear,prosafe vpn firewall
175.118.65.251,,iptime,
180.210.205.222,router,mikrotik,
163.24.48.243,,zyxel,
188.123.210.113,router,draytek,router
185.59.122.64,router,mikrotik,
1.215.141.171,,iptime,
121.143.63.106,,iptime,
103.226.2.142,router,mikrotik,
204.15.147.30,router,mikrotik,
31.179.195.228,router,mikrotik,
50.203.119.236,firewall,netgear,prosafe vpn firewall
200.29.119.99,,multitech,
80.32.113.95,,apple,
36.91.25.242,router,mikrotik,
176.162.150.242,printer,brother,mfc-j4620dw
98.173.41.84,,apple,
89.231.8.140,router,mikrotik,
185.34.158.7,,zyxel,
81.201.62.116,router,mikrotik,
112.121.205.14,,iptime,
176.235.95.123,router,mikrotik,
68.184.78.33,,linksys,
112.154.130.58,,iptime,
176.10.193.0,router,asus,rt-ac5300
125.128.225.43,,iptime,
79.174.24.131,router,mikrotik,
178.24.71.92,cable modem,avm,fritz!box6360cable(kdg)
89.176.95.10,router,asus,rt-n14u
104.245.203.29,kvm,,dominion
81.205.86.127,nas,netgear,readynas
59.12.48.184,,iptime,
62.73.4.227,power distribution unit,apc,ap7921
200.74.92.65,router,mikrotik,
181.63.252.188,router,mikrotik,
76.233.228.226,camera,axis,m3204 fixed dome network camera
200.108.68.6,router,mikrotik,
84.16.221.77,router,mikrotik,
88.23.143.222,nas,qnap,turbo nas
116.48.41.31,nas,synology,diskstation
91.245.85.99,router,mikrotik,
59.4.33.238,printer,iptime,
189.238.183.172,camera,axis,q3505 fixed dome network camera
84.186.190.146,cable modem,avm,fritz!box7362sl(ui)
124.81.236.186,router,mikrotik,
178.248.35.17,,zyxel,
83.48.121.106,router,cisco,
143.255.33.119,router,mikrotik,
125.181.59.232,,iptime,
168.232.131.74,dsl/cable modem,econet,
195.145.95.164,,axis,p7224 video encoder blade
83.17.217.218,router,mikrotik,
164.67.7.195,power distribution unit,apc,ap9631
92.253.241.177,router,asus,dsl-ac52u
114.205.172.81,,iptime,
182.16.190.126,power distribution unit,apc,ap9630
67.246.3.124,router,asus,rt-n66r
45.234.252.11,router,mikrotik,
120.97.62.99,nas,synology,webstation
90.76.237.244,hvac,carel s.p.a.,pco1000wb0
211.72.66.234,nas,synology,
159.148.93.17,router,mikrotik,
125.179.93.109,printer,iptime,
83.238.125.74,nas,synology,webstation
190.90.79.83,router,mikrotik,
88.191.164.100,nas,synology,
187.85.181.42,router,mikrotik,
80.254.127.201,router,mikrotik,
81.42.241.66,,zyxel,
178.82.164.167,nas,qnap,turbo nas 2.x
186.235.81.122,router,mikrotik,
199.7.139.42,router,mikrotik,
14.34.206.220,,iptime,
188.216.164.234,nas,synology,webstation
69.147.208.196,,linksys,
159.255.165.251,router,mikrotik,
45.178.173.26,router,mikrotik,
82.64.76.69,nas,synology,webstation
14.35.205.94,,iptime,
46.21.215.227,router,mikrotik,
77.51.28.12,router,mikrotik,
112.164.73.110,printer,iptime,
46.140.11.213,nas,synology,webstation
59.127.76.61,nas,synology,diskstation
46.97.98.46,router,mikrotik,
220.119.138.181,nas,synology,diskstation
91.62.160.172,nas,synology,diskstation
223.166.84.3,,zyxel,
49.156.151.238,router,mikrotik,
80.15.42.242,scada gateway,schneider electric,bmx p34 2020
195.34.238.208,router,mikrotik,
201.217.245.90,router,mikrotik,
38.75.54.129,router,mikrotik,
176.62.66.32,router,mikrotik,
220.130.18.119,nas,qnap,turbo nas
125.186.242.83,nas,synology,diskstation
220.120.81.113,,iptime,
181.52.172.254,router,mikrotik,
125.180.129.75,,iptime,
84.22.59.217,router,mikrotik,
202.9.77.154,router,alcatel,sr 7750
93.99.21.145,router,mikrotik,
71.115.20.55,nas,lacie,storage device
143.225.152.238,printer,ricoh,mp c3004
192.64.130.23,,linksys,
85.219.133.50,router,mikrotik,
5.61.141.16,cable modem,avm,fritz!box4020
62.28.188.6,router,draytek,router
62.146.202.193,router,mikrotik,
220.71.72.205,printer,iptime,
185.142.44.29,router,mikrotik,
190.141.21.122,nas,synology,diskstation
212.14.7.163,power distribution unit,apc,ap9630
46.77.92.123,router,asus,4g-ac55u
93.99.149.183,router,mikrotik,
102.177.108.62,router,mikrotik,
140.138.138.99,nas,synology,
175.199.171.57,nas,netgear,readynas
37.53.41.171,dsl modem,zyxel,p660r-t1
23.132.208.6,router,mikrotik,
211.209.78.93,nas,synology,diskstation
144.139.187.74,nas,qnap,turbo nas
84.47.144.246,,zyxel,
94.74.129.245,router,mikrotik,
221.124.61.46,router,asus,rt-n66w
77.247.249.9,router,mikrotik,
83.110.75.196,nas,qnap,turbo nas 2.x
124.108.17.94,router,mikrotik,
77.239.181.94,router,mikrotik,
201.190.146.5,router,mikrotik,
80.52.221.139,nas,synology,diskstation
86.84.241.24,nas,synology,webstation
90.182.220.150,,zyxel,
157.25.90.67,router,mikrotik,
78.108.110.28,router,mikrotik,
95.50.116.182,,zyxel,
